longitude,latitude,id,name,start_date,operator:decription,education:type,education:type,education:type,education:type,education:type,operator:type,operator:type,operator:type,operator:type,operator:type,operator:type,operator:type,operator:type,government:registered,government:registered,government:registered,government:registered,education:gender_type,education:operate_as,education:exam_center,education:exam_affiliate,,education:students,education:students_male,education:students_female,education:teachers_male,education:teachers_female,education:fees,education:fees,education:fees,education:fees,education:sponsored_by,education:funding,education:funding,education:funding,education:funding,education:funding,education:funding,education:funding,education:funding,education:fees_per_term,education:fees_level1,education:fees_level2,education:fees_level3,education:fees_level4,education:fees_other,building:material,building:material,building:material,accessibility,accessibility,accessibility,education:program_feeding,education:program_feeding_description,education:program_feeding_description,education:program_feeding_description,toilet:teachers,toilet:teachers,toilets:female,toilets:male,toilet:present,building:classrooms,building:library,internet_access,electricity:operational_status,waste:garbage_disposal,laboratory,laboratory:equipment,laboratory,barrier:gate,barrier:security_fence,playground,room:staff,room:kitchen,education:teachers_male,education:teachers_female,education:teachers_trained,education:tsc_employed,education:extra_sports,education:extra_drama,education:extra_woodwork,education:extra_scouts/girl_guide,education:extra_music,education:extra_nature_club,education:extra_agriculture_club,education:extra_other,education:pta,education:management_committee,education:board_of_management,education:other
36.862416,-1.261238,1,Why not Junior Academy,2006,n/a,n,y,n,y,n,n,n,n,n,n,y,n,n/a,n/a,n/a,n/a,n/a,Mixed boys and girls,Day scholars only,n,Kaso upendo neighbouring school,n/a,250,n/a,n/a,4,4,y,n,n,n/a,n/a,n,n,n,n,n,n,y,n/a,2100,2100,2100,2100,2100,n/a,n,y,n/a,n,n,y,y,y,1000,n,1,1,2,1,inside school compound,11,n,n/a,sometimes,sometimes,n,n,n,n,y,y,y,y,4,6,2,n/a,y,y,n,y,y,n,y,n/a,y,n,y,n/a
36.870436,-1.252923,2,St Maurus,more than 15 years,n/a,y,y,n,y,n,n,n,n,n,y,n,n,n/a,n/a,private,n/a,faith based,Mixed boys and girls,Day scholars only,y,n/a,n/a,n/a,60,150,6,7,y,n,n,n/a,n/a,n,n,n,n,n,n,n,church,n/a,1550,2500,3600,n/a,n/a,y,n,n/a,y,y,y,y,y,1500,I don't know,1,1,2,2,inside school compound,n/a,y,n,sometimes,always,n,n,n,y,y,y,y,y,6,8,14,n/a,y,y,n,n,n,n,n,n/a,n,n,y,n/a
36.869884,-1.252057,3,Amson Education Center,2008,n/a,n,y,n,n,n,n,y,n,n,n,n,n,n/a,n/a,provisional APBET certificate,city council,n/a,n/a,Day scholars only,y,n/a,2016,n/a,145,125,3,12,y,n,n,n/a,n/a,n,y,n,n,n,n,n,n/a,n/a,3000,3000,3600,n/a,n/a,y,n,n/a,y,y,y,y,y,1500,n,1,1,1,1,inside school compound,8,n,n,always,always,n,n,n,y,y,n,y,y,3,12,7,0,y,y,n,y,y,n,n,n/a,n,n,y,n/a
36.866514,-1.256139,4,Mawewa School,n/a,Edu Kenya,n,y,n,n,n,n,y,n,n,n,y,n,n/a,government registered,private,n/a,n/a,Mixed boys and girls,Day scholars only,y,n/a,n/a,n/a,87,85,6,5,n,n,y,n/a,Edu Kenya,y,y,y,y,y,y,y,n/a,191000,900,900,1500,n/a,n/a,y,n,n/a,y,y,y,y,n,free food,n,1,1,3,3,inside school compound,8,y,n,often,often,n,n,y,y,y,n,y,y,6,5,11,0,y,y,n,y,y,n,y,n/a,y,n,y,n/a
36.870462,-1.253484,5,New mercy care secondary school,2010,n/a,n,n,y,n,n,n,y,n,n,n,n,n,n/a,n/a,private,n/a,n/a,Mixed boys and girls,Day scholars only,y,n/a,n/a,n/a,110,40,4,3,y,n,n,n/a,n/a,n,n,y,n,n,n,n,n/a,4500,n/a,n/a,n/a,10500 per year,n/a,n,y,n/a,y,y,y,y,y,600,n,1,1,1,1,inside school compound,4,n,n,sometimes,always,y,y,n,y,n,n,y,y,4,3,7,0,y,y,n,n,y,n,n,n/a,n,n,y,n/a
36.87106,-1.253509,6,New mercy care primary school,2007,n/a,n,y,n,n,n,n,y,n,n,n,n,n,n/a,n/a,private,Min. of gender,CBO/NGO,Mixed boys and girls,Day scholars only,n,to other schools,n/a,n/a,75,105,3,6,y,n,n,n/a,n/a,n,n,y,n,n,n,n,n/a,2500,2500,3000,3500,n/a,n/a,y,n,n/a,y,y,y,y,y,600,n/a,1,1,1,1,inside school compound,n/a,n,n,sometimes,sometimes,n,n,n,y,n,n,y,y,3,6,9,0,y,y,n,n,y,n,n,n/a,n,y,y,n/a
36.873813,-1.251946,7,Star of hope secondary school,1988,Jimmy Muraya (owner),n,n,y,n,n,n,y,n,n,n,n,n,n/a,government registered,n/a,city council,n/a,Mixed boys and girls,mixed (both day and boarding students),y,n/a,n/a,n/a,85,104,6,5,y,n,n,n/a,n/a,n,n,n,n,n,n,n,n/a,2000-3000,n/a,n/a,n/a,8000,n/a,y,y,n/a,y,y,y,y,n,1800,y,5,5,6,6,inside school compound,n/a,n,n/a,always,always,y,y,y,y,y,y,y,y,6,5,n/a,0,y,y,n,y,n,n,n,n/a,n,n,y,n/a
36.875104,-1.310189,8,Ruaraka presbyterian school,2010,Church (PCEA),y,n,n,n,n,n,n,n,n,y,n,n,n/a,government registered,private,n/a,n/a,Mixed boys and girls,Day scholars only,n,n/a,n/a,n/a,143,261,4,6,y,n,n,n/a,n/a,n,n,n,n,n,n,n,church members,2000-3000,3900,3300,5200,n/a,n/a,n,y,n/a,y,y,y,y,y,1200,n,4,3,4,3,inside school compound,14,n,n/a,always,always,n,n,n,y,y,y,y,y,4,6,5,0,y,y,n,y,y,n,n,n/a,n,n,y,n/a
36.866321,-1.259522,9,Sancare preparatory school,2012,director,n,y,n,n,n,n,y,n,n,n,n,n,n/a,n/a,APBET,n/a,n/a,boys school,Day scholars only,y,n/a,n/a,n/a,n/a,n/a,n/a,n/a,y,n,n,n/a,n/a,n,n,n,n,n,n,n,donor,3550,n/a,n/a,n/a,n/a,n/a,n,y,n/a,y,n,y,y,n,2400,n,1,1,3,3,n/a,38,y,y,sometimes,often,n,n,n,y,y,n,y,n,n/a,n/a,21,3,y,y,n,y,y,y,y,n/a,n,n,y,n/a
36.868491,-1.259937,10,Eden annex preparatory school,2000,individual school owner,y,n,n,n,n,n,y,n,n,n,n,n,n/a,government registered,n/a,n/a,n/a,Mixed boys and girls,Day scholars only,n,n/a,n/a,167,n/a,n/a,n/a,7,y,n,n,n/a,n/a,n,n,n,n,n,n,n,n/a,5000,n/a,n/a,n/a,n/a,n/a,y,n,n/a,n,n,y,y,n,3500,n/a,2,2,1,1,inside school compound,3,n/a,n/a,always,always,n,n,n,y,n,y,y,y,n/a,n/a,n/a,n/a,y,n,n,n,n,n,n,n/a,n/a,n/a,n/a,n/a
36.864411,-1.25921,11,Pilot education day care center - preschool,n/a,n/a,y,n,n,n,n,n,n,n,n,n,n,n,APBET,n/a,APBET,n/a,n/a,Mixed boys and girls,Day scholars only,y,n/a,2017,176,85,91,0,8,y,n,n,n/a,n/a,n,n,n,n,n,n,n,n/a,3900,n/a,n/a,n/a,n/a,n/a,n,y,n/a,y,y,y,y,n,"Break - 1500
Break/Lunch - 3000",n,1,1,2,2,inside school compound,6,y,n,sometimes,always,n,n,n,y,y,y,y,y,n/a,n/a,n/a,n/a,y,n,n,n,n,n,n,n/a,n/a,n/a,n/a,n/a
36.864411,-1.25921,12,Pilot eucation day care center,n/a,n/a,n,y,n,n,n,n,n,n,n,n,n,n,APBET,n/a,APBET,n/a,n/a,Mixed boys and girls,Day scholars only,y,n/a,2017,392,202,190,7,2,y,n,n,n/a,n/a,n,n,n,n,n,n,n,n/a,4400,n/a,n/a,n/a,n/a,n/a,n,y,n/a,y,y,y,y,n,3000,n,1 shared with male teachers,1 shared with female teachers,2,2,inside school compound,7,y,n,sometimes,always,n,n,n,y,y,y,y,y,n/a,n/a,n/a,n/a,y,y,n,y,n,n,n,n/a,n,n,y,n/a
36.850176,-1.262584,13,Deut academy school,2013,n/a,y,y,n,n,n,n,n,n,n,n,y,n,n/a,government registered,provisional APBET certificate,n/a,CBO/NGO,Mixed boys and girls,Day scholars only,n,school is until std. 4,n/a,n/a,80,120,n/a,4,y,n,n,n/a,n/a,n,n,n,n,n,n,n,n/a,400,400,400,n/a,n/a,n/a,n,y,n/a,n,n,y,y,y,15000,n,1,n/a,n/a,n/a,inside school compound,n/a,n,n,sometimes,sometimes,n,n,n,n,n,n,y,y,n/a,4,n/a,n/a,n,n,n,n,y,n,n,n/a,n,y,n,n/a
36.849539,-1.264512,14,Mum's care academy,1978,Redeemed gospel church,y,y,n,n,n,n,n,n,n,y,n,n,n/a,unregistered but have applied for registration,n/a,attorney general,registered as a business,Mixed boys and girls,Day scholars only,n,the school has not reaches std. 8,n/a,126,56,70,0,4,y,n,n,n/a,n/a,n,n,n,n,n,n,n,n/a,1700,1700,2200,n/a,n/a,n/a,y,n,n/a,y,y,y,y,n,1500,n,1,n/a,2,2,inside school compound,4,n,n,always,always,n,n,n,y,y,y,y,y,n/a,4,0,0,n,n,n,n,n,n,n,n/a,n,y,n,n/a
36.865942,-1.259688,15,Destiny kids rescue centre,2010,n/a,y,n,n,n,n,n,y,n,n,n,n,n,n/a,n/a,n/a,n/a,CBO/NGO,Mixed boys and girls,Day scholars only,n,Ngei PAG primary school,n/a,132,n/a,n/a,n/a,4,y,n,n,n/a,n/a,n,y,n,n,n,n,n,n/a,3000,n/a,n/a,n/a,n/a,n/a,y,n,n/a,y,y,y,y,n,2000,n,1,1,1,2,inside school compound,3,y,n,always,always,n,n,n,y,y,n,y,y,n/a,4,n/a,n/a,y,n,n,n,y,n,n,n/a,n,n,y,n/a
36.865942,-1.259688,16,Destiny kids rescue centre,2010,n/a,n,y,n,n,n,n,y,n,n,n,n,n,n/a,n/a,n/a,n/a,CBO/NGO,Mixed boys and girls,Day scholars only,n,Ngei PAG,2017,163,n/a,n/a,5,3,y,n,n,n/a,n/a,n,n,n,n,n,n,n,work UNICEF,3000,n/a,n/a,n/a,n/a,n/a,y,n,n/a,y,y,y,y,n,2000,n,1,1,1,2,inside school compound,7,y,n/a,always,n/a,n,n,n,y,y,n,y,y,5,3,4,n/a,y,y,n,y,y,y,n,n/a,n,n,y,n/a
36.863702,-1.257571,17,Heidemarie Mathare 4A primary,n/a,city county,y,y,n,n,y,y,n,y,n,y,n,n,n/a,government registered,n/a,city council,n/a,Mixed boys and girls,Day scholars only,y,n,n/a,n/a,600,900,9,26,y,y,y,n/a,tushinde; magnificant,n,n,n,n,n,n,n,n/a,900,900,650,n/a,n/a,250,y,n,n/a,y,y,y,y,y,450,y,3,3,8,8,inside school compound,30,y,n,sometimes,never,n,n,n,y,y,y,y,y,n/a,n/a,4,23,y,n,n,y,y,n,n,n/a,n,y,y,n/a
36.871562,-1.255753,18,Mary rosana academy,2015,youth group,y,n,n,n,n,n,n,n,n,n,n,n,youth group,n/a,n/a,n/a,youth group,Mixed boys and girls,Day scholars only,n,n/a,2016,150,70,80,1,2,y,n,n,n/a,n/a,n,n,n,n,n,n,n,n/a,1500,n/a,n/a,n/a,n/a,n/a,y,n,n/a,y,y,y,y,n,900,n,n/a,n/a,n/a,n/a,inside school compound,3,n,n/a,always,always,n,n,n,y,y,y,y,y,1,2,1,n/a,n,y,n,n,n,n,n,arts,n,n,y,youth management
36.858162,-1.263795,19,Shining hope for girls / Mathare school for girls,2014,SHOFCO,y,y,n,n,n,n,n,n,y,n,n,n,n/a,n/a,n/a,n/a,n/a,Girls school,Day scholars only,n,n/a,n/a,n/a,n/a,160,1,14,n,n,y,n/a,n/a,n,n,n,n,n,n,y,n/a,n/a,n/a,n/a,n/a,n/a,n/a,y,n,n/a,y,y,y,y,n,0,n,1,1,1,n/a,inside school compound,8,y,n,always,always,n,n,n,y,n,n,y,y,n/a,n/a,n/a,n/a,n,y,n,n,n,n,n,n/a,n/a,n/a,n/a,n/a
36.854222,-1.261399,20,Hope baptist academy,2008,Baptist church,y,y,n,n,n,n,n,n,n,y,n,n,n/a,government registered,private,n/a,n/a,Mixed boys and girls,Day scholars only,y,n/a,n/a,350,200,150,4,7,y,n,n,n/a,n/a,n,n,n,n,n,n,y,n/a,n/a,600,600,800,n/a,n/a,n,y,n/a,y,y,y,y,y,150,y,2,2,3,3,inside school compound,19,n,n,sometimes,sometimes,n,n,n,y,y,y,y,y,4,7,11,n/a,y,n,n,y,n,n,n,n/a,y,n,n,n/a
36.855557,-1.263168,21,Mcdeo beijing academy,n/a,n/a,n,y,y,n,n,n,n,n,y,n,n,n,n/a,government registered,n/a,n/a,n/a,Mixed boys and girls,Day scholars only,y,n/a,n/a,320,158,162,10,5,n,n,y,n/a,n/a,n,n,n,n,n,n,y,n/a,1800,1500,1500,1800,n/a,n/a,y,n,n/a,y,y,y,y,n/a,100,n,1,1,1,1,inside school compound,10,y,n,sometimes,sometimes,n,n,n,y,y,y,y,y,n/a,n/a,n/a,n/a,y,y,n,n,y,n,n,n/a,y,n,n,n/a
36.868558,-1.259127,22,Ananda marga academy,1995,n/a,n,y,n,n,n,n,n,n,n,y,n,n,n/a,n/a,n/a,n/a,registered as a business,Mixed boys and girls,Day scholars only,y,n/a,in the process,206,n/a,n/a,9 total,n/a,y,n,n,n/a,n/a,n,n,n,n,n,n,n,n/a,3000,n/a,n/a,n/a,n/a,n/a,n/a,n/a,n/a,y,y,y,n,n,10 shillings per day,n/a,1,1,2,2,inside school compound,n/a,y,n,always,n/a,n,n,n,y,y,y,y,y,n/a,n/a,7,n/a,y,n,n,y,y,y,n,n/a,y,n,n,n/a
36.865959,-1.258678,23,Eljoy education center,n/a,n/a,n,y,n,n,n,n,n,n,n,n,n,y,n/a,n/a,n/a,n/a,n/a,Mixed boys and girls,Day scholars only,n,Ngei PAG,in the process,100,n/a,n/a,3,6,y,n,n,n/a,n/a,n,n,n,n,n,n,n,n/a,3200,n/a,n/a,n/a,n/a,n/a,y,n,n/a,y,y,y,y,n,30 shillings per day,n,2 shared with male teachers,2 shared with female teachers,2,2,inside school compound,8,y,n,always,always,n,n,n,y,n,y,y,y,3,6,4,n/a,y,y,n,y,y,n,n,n/a,n,n,y,n/a
36.865959,-1.258678,24,Eljoy education center,n/a,n/a,y,n,n,n,n,n,n,n,n,n,n,y,n/a,n/a,n/a,n/a,n/a,Mixed boys and girls,Day scholars only,n,n/a,in the process,160,n/a,n/a,3,3,y,n,n,n/a,n/a,n,n,n,n,n,n,n,n/a,3000,n/a,n/a,n/a,n/a,n/a,y,n,n/a,y,y,y,y,n,30 shillings per day,n/a,1,1,2,2,inside school compound,3,y,n,always,always,n,n,n,y,n,y,y,y,3,3,n/a,n/a,y,n,n,n,n,n,n,n/a,n,n,y,n/a
36.870719,-1.259225,25,Emmanuel education center,2012,n/a,n,y,n,n,n,n,n,n,n,n,n,n,CBO,n/a,n/a,n/a,CBO/NGO,Mixed boys and girls,Day scholars only,n,n/a,2016,528,n/a,n/a,n/a,2,y,n,n,n/a,n/a,n,n,n,n,n,n,n,n/a,3600,n/a,n/a,n/a,n/a,n/a,y,n,n/a,n,n,y,y,n,30 shillings per day,n,1,n/a,1,1,inside school compound,n/a,n,n,always,always,n,n,n,y,y,y,y,y,n/a,n/a,n/a,n/a,y,n,n,n,y,y,n,n/a,n,n,y,n/a
36.867579,-1.253285,26,Success junior academy,2005,n/a,n,y,n,n,n,n,y,n,n,n,n,n,n/a,government registered,n/a,n/a,n/a,Mixed boys and girls,Day scholars only,n,n/a,n/a,n/a,60,80,4,6,y,n,n,n/a,n/a,n,n,n,n,n,n,n,n/a,n/a,2800,3000,3600,n/a,n/a,y,n,n/a,y,y,y,n,n,n/a,n,1,1,shared with teachers,shared with teachers,inside school compound,n/a,y,n/a,always,often,n,n,y,y,n,n,y,y,4,6,10,n/a,y,y,n,y,n,n,n,n/a,y,n,n,n/a
36.876873,-1.249874,27,Mathare methodist education center,2010,n/a,n,y,n,n,n,n,n,n,n,y,n,n,n/a,n/a,n/a,n/a,CBO/NGO,Mixed boys and girls,Day scholars only,n,n/a,n/a,130,58,82,1,5,n,n,y,n/a,church,n,n,n,n,n,n,n,faith based organisations,1500,1200,1500,1800,n/a,n/a,n,y,n/a,y,y,y,y,n,sponsored,y,1,n/a,1,1,inside school compound,n/a,n,n,never,n/a,n,n,n,y,n,n,y,y,1,5,2,n/a,y,y,n,y,y,n,n,n/a,n,n,y,n/a
36.874741,-1.251265,28,Blossom children's centre,2006,n/a,n,y,n,n,n,n,n,n,n,n,n,y,n/a,n/a,provisional APBET certificate,n/a,n/a,Mixed boys and girls,Day scholars only,n,n/a,n/a,210,105,105,9,9,y,n,n,n/a,n/a,n,y,n,n,n,n,n,n/a,3000,3000,3500,3500,n/a,n/a,n,y,n/a,y,y,y,y,y,500,n,1,1,3,2,inside school compound,n/a,n,n,always,always,n,n,n,y,n,n,y,y,9,9,13,n/a,y,y,n,y,y,n,n,n/a,n,n,y,n/a
36.876739,-1.249894,29,Newlight academy,2014,n/a,n,n,y,n,n,n,y,n,n,n,n,n,n/a,n/a,n/a,n/a,CBO/NGO,Mixed boys and girls,Day scholars only,n,n/a,n/a,80,30,50,5,1,y,n,n,n/a,n/a,n,n,n,n,n,n,n,n/a,n/a,n/a,n/a,n/a,6000,n/a,y,n,n/a,n,n,y,y,y,800 per month,n,1,1,n/a,n/a,inside school compound,4,n,n,always,always,n,n,n,y,n,n,y,y,5,1,3,n/a,y,n,n,n,y,n,n,n/a,y,y,y,n/a
36.874387,-1.250442,30,Pillar of hope education centre,2017,n/a,y,n,n,n,n,n,n,n,n,n,n,n,CBO,n/a,provisional APBET certificate,n/a,CBO/NGO,Mixed boys and girls,Day scholars only,n,n/a,n/a,n/a,40,46,1,3,y,n,n,n/a,n/a,n,n,n,n,n,n,n,n/a,n/a,2000,2500,2500,n/a,n/a,y,n,n/a,n,n,y,n,n,n/a,n,1,1,n/a,n/a,inside school compound,7,n,n,always,always,n,n,n,y,n,y,y,y,1,3,0,n/a,n,y,n,n,n,n,n,n/a,n,n,y,n/a
36.872903,-1.259506,31,huruma mixed secondary,I do not know,public,n,n,y,n,n,y,n,n,n,n,n,n,n/a,government registered,n/a,n/a,n/a,mixed boys and girls,Day scholars only,y,n/a,2017,n/a,54,80,3,4,y,n,n,n/a,n/a,n,n,n,n,n,n,n,n/a,20000,n/a,n/a,n/a,20000,n/a,n,y,n/a,y,y,y,y,y,3500,n,1,1,1,1,inside school compound,0,n,n,always,always,n,y,n,y,y,y,n,n,3,4,none,n/a,y,n,n,y,n,n,y,n/a,n,n,y,n/a
36.860017,-1.264218,32,mathare community outreach joy,1994,Mr Daniel Ogutu,y,y,y,n,n,n,y,n,y,y,y,y,n/a,government registered,n/a,n/a,n/a,mixed boys and girls,Day scholars only,Y,n/a,n/a,543,258,285,6,9,y,n,y,n/a,"bright hope,compassion canada and mama africa",n,y,n,n,n,n,y,n/a,2400,2400,2400,2400,n/a,200 for examination fee,n,y,n/a,y,y,y,y,y,50,y,1,1,4,4,inside school compound,11,y,n,always,always,y,y,y,y,y,y,y,y,6,9,12,0,y,n,n,y,y,y,n,n/a,y,y,y,n/a
36.877822,-1.253484,33,sunflower academy,1978,n/a,y,y,y,n,n,n,y,n,y,n,n,n,n/a,government registered,private,city council,n/a,mixed boys and girls,Day scholars only,y,n/a,n/a,n/a,50,55,4,5,y,n,n,n/a,n/a,n,n,n,n,n,n,n,n/a,n/a,3000-3500,4000,4500,5600,n/a,y,n,n/a,n/a,n/a,y,y,y,2000,n,1,1,10,10,inside school compound,8,n,n,always,always,y,y,y,y,y,y,y,y,n/a,n/a,n/a,n/a,y,y,n,y,n,n,n,n/a,n,n,n,n/a
36.870321,-1.260226,34,daima primary,1990,nairobi city county,y,y,n,n,n,y,n,n,n,n,n,n,n/a,government registered,n/a,n/a,n/a,mixed boys and girls,Day scholars only,y,n/a,n/a,n/a,1350,1050,11,33,n,y,n,n/a,n/a,n,n,y,n,n,n,n,n/a,n/a,4000,400,400,n/a,n/a,y,y,n/a,y,y,y,y,y,"600,000 for the whole school",y,2,1,18,12,inside school compound,33,n,n,always,often,n,n,n,y,y,y,y,y,11,33,21,37,y,y,n,y,y,n,n,n/a,n,n,y,n/a
36.876672,-1.260939,35,Ndururuno primary school,1975,public,y,y,n,n,n,y,n,n,n,n,n,n,n/a,government registered,n/a,n/a,n/a,mixed boys and girls,Day scholars only,y,n/a,n/a,n/a,800,1200,12,28,n,y,n,n/a,n/a,n,y,n,n,n,n,n,n/a,n/a,n/a,n/a,n/a,n/a,n/a,y,n,n/a,y,y,y,y,n,n/a,y,1,1,10,10,inside school compound,28,n,n,always,often,n,n,y,y,y,y,y,y,n/a,n/a,none,n/a,y,y,n,y,y,n,n,n/a,n,y,y,n/a
36.87732,-1.253689,36,valleybridge primary school,1985,government,y,y,n,n,n,y,n,n,n,n,n,n,n/a,government registered,n/a,n/a,n/a,mixed boys and girls,Day scholars only,y,n/a,n/a,n/a,565,586,5,18,n,y,n,n/a,n/a,n,n,n,n,n,n,y,n/a,n/a,1500,500,500,500,n/a,y,n,n/a,Y,Y,Y,y,y,500,y,2,2,16,14,inside school compound,27,n,n/a,often,never,n,n,n,y,y,y,y,y,5,18,19,19,y,n,n,y,y,n,n,n/a,n,n,y,n/a
36.866802,-1.26106,37,Ngei P A G education Center,1987,private,y,n,n,n,n,n,y,n,n,n,n,n,n/a,n/a,APBET,n/a,CBO/NGO,Boys school,Day scholars only,y,n/a,n/a,120,58,62,n/a,3,y,n,n,n/a,n/a,n,n,y,n,n,n,n,n/a,2100,2100,n/a,n/a,n/a,n/a,n,y,n/a,y,y,y,y,n,1500,n,1,1,3,2,inside school compound,3,n,n,always,always,n,n,n,y,y,n,y,y,n/a,3,n/a,n/a,n,n,n,n,n,n,n,n/a,n,y,n,n/a
36.866382,-1.260568,38,St  Ruth Academy,2012,church,n,y,n,n,n,n,n,n,n,y,n,n,n/a,n/a,APBET,n/a,n/a,Boys school,Day scholars only,n,PAG,2012,47,n/a,n/a,2,3,y,n,n,n/a,n/a,n,n,n,n,n,n,n,n/a,2100,n/a,n/a,n/a,n/a,n/a,n,y,n/a,y,n,y,y,n,20 per day,n,n/a,1,3,1,inside school compound,7,n,n,always,always,n,n,n,y,y,y,y,y,2,3,2,n/a,n,n,n,n,n,n,n,n/a,y,n,n,n/a
36.868333,-1.258645,39,Elshadai Education Centre,I don't know,n/a,n,y,n,n,n,n,n,n,n,n,n,n,APBET,n/a,n/a,n/a,CBO/NGO,mixed boys and girls,Day scholars only,n,KAG,in the process,154,76,78,3,7,y,n,n,n/a,n/a,n,n,n,n,n,n,n,n/a,3600,n/a,n/a,n/a,n/a,n/a,n,y,n/a,y,y,y,y,n,1800,n,1,1,3,3,inside school compound,8,y,n,never,always,n,n,n,y,y,n,n,y,3,7,n/a,n/a,y,n,n,y,n,y,n,n/a,n,n,y,n/a
36.880661,-1.309607,40,Loving concern secondary school,2011,private,n,y,y,n,n,n,y,n,n,n,n,n,n/a,n/a,private,n/a,n/a,mixed boys and girls,Day scholars only,y,n/a,2015,n/a,50,60,7,6,y,n,n,n/a,n/a,n,n,n,n,n,n,n,n/a,10000,n/a,n/a,n/a,n/a,n/a,y,n,n/a,y,y,y,n,n,n/a,n,2,1,2,1,inside school compound,n/a,y,n,always,always,y,y,y,y,y,y,y,y,7,6,4,2,y,n,n,n,n,n,n,n/a,y,n,n,n/a
36.866802,-1.26106,41,Ngei PAG Education Center,1987,n/a,n,y,n,n,n,n,y,n,n,n,n,n,n/a,n/a,n/a,n/a,n/a,mixed boys and girls,Day scholars only,y,n/a,n/a,120,n/a,n/a,3,5,y,n,n,n/a,n/a,n,n,y,n,n,n,n,n/a,3000,n/a,n/a,n/a,n/a,n/a,y,n,n/a,y,y,y,y,n,1500,n,1,1,3,2,inside school compound,8,y,n,always,always,n,n,n,y,y,y,y,y,3,5,7,n/a,y,n,n,y,n,y,n,n/a,n,y,n,n/a
36.845486,-1.265578,42,Eden Community School,2002,private,y,y,n,n,n,n,n,n,n,n,n,y,n/a,government registered,provisional APBET certificate,Min. of gender,n/a,mixed boys and girls,Day scholars only,Y,n/a,2014,n/a,511,406,8,21,y,n,y,n/a,KAG sponsored pupils/parents from the community,n,n,n,n,n,n,n,n/a,3000,3000,4000,5400,n/a,n/a,y,n,n/a,n,n,y,y,y,1000 per month,n,2,2,4,4,inside school compound,38,y,y,always,always,n/a,n/a,n/a,y,y,n/a,y,y,8,21,18,n/a,y,y,n,y,y,n,n,n/a,y,n,n,n/a
36.843979,-1.26583,43,Community Care School,1996,church of the nazarene,y,y,n,n,n,n,y,n,n,y,n,n,n/a,government registered,private,city council,n/a,mixed boys and girls,Day scholars only,n,n/a,n/a,60,27,33,2,3,y,n,n,n/a,n/a,n,n,n,n,n,n,n,n/a,1500,n/a,n/a,n/a,n/a,n/a,n,y,n/a,y,n/a,y,y,y,1500,I don't know,1,1,1,1,inside school compound,6,n,n/a,never,always,n,n,n,y,n,y,y,y,2,3,n/a,n/a,y,n,n,n,n,n,n,n/a,n,n,y,n/a
36.844746,-1.265044,44,star education center,2005,private,y,y,n,n,n,n,y,n,n,n,n,n,n/a,unregistered but have applied for registration,n/a,Min. of gender,n/a,mixed boys and girls,Day scholars only,n,Ngei PAG,n/a,n/a,90,110,3,5,y,n,n,n/a,n/a,n,n,n,n,n,n,n,n/a,2000,1500,1500,2000,n/a,50,n,y,n/a,Y,Y,Y,n,n,n/a,n,1,1,2,1,inside school compound,10,y,n,always,often,n,n,n,n,n,y,y,n,3,5,3,2,n,y,n,y,y,n,n,n/a,n,n,y,n/a
36.875701,-1.261187,45,Ndururuno secondry school,2006,government,n,n,y,n,n,y,n,n,n,n,n,n,n/a,government registered,n/a,n/a,n/a,mixed boys and girls,Day scholars only,y,n/a,n/a,n/a,260,253,8,15,y,y,n,n/a,n/a,n,n,n,n,n,n,n,n/a,n/a,n/a,n/a,n/a,n/a,n/a,y,n,n/a,y,y,y,y,y,3000,n,1,1,5,5,inside school compound,12,n,n,always,sometimes,y,y,n,y,y,y,y,y,8,15,n/a,17,y,y,n,y,n,n,y,subject based clubs,y,n,y,n/a
36.846095,-1.266173,46,Jorum E Center ,2008,n/a,y,y,n,n,n,n,y,n,n,n,y,n,n/a,unregistered but have applied for registration,provisional APBET certificate,Min. of gender,education centre,mixed boys and girls,Day scholars only,n,n/a,n/a,141,56,85,n/a,7,y,n,n,n/a,n/a,n,n,n,n,n,n,n,n/a,n/a,1800,2000,n/a,n/a,n/a,n,y,n/a,y,y,y,y,n,1200,n,1,n/a,1,1,inside school compound,8,n,n,often ,often,n,n,n,y,y,y,y,y,n/a,7,2,n/a,n,n,n,y,n,n,n,n/a,n,y,n,n/a
36.849614,-1.261949,47,Mathare Old Primary School,1958,government,y,y,n,n,n,y,n,n,n,n,n,n,n/a,government registered,n/a,n/a,n/a,mixed boys and girls,Day scholars only,y,n/a,n/a,n/a,428,464,5,14,n,y,n,n/a,n/a,n,n,n,y,n,n,n,n/a,n/a,1100,500,500,n/a,n/a,n,y,n/a,y,y,y,y,y,500,y,3,2,24,14,inside school compound,17,n,n,always,never,n,n,n,y,y,y,y,y,5,14,19,19,y,y,n,y,n,n,n,n/a,y,n,y,n/a
36.86388,-1.26121,48,Balozi school and Balozi training institutes,2015 and 2008 respectively,n/a,n,n,y,y,n,n,n,n,n,n,n,y,n/a,government registered,private,attorney general,registered as a business,mixed boys and girls,Day scholars only,y,n/a,n/a,n/a,55,70,5,4,y,n,n,n/a,n/a,n,n,n,n,n,n,n,n/a,n/a,n/a,n/a,n/a,4000,n/a,y,n,n/a,y,y,y,y,n,3000,n,1,1,3,3,inside school compound,4,y,n,often,never,y,y,y,y,n,y,y,y,5,4,n/a,n/a,y,y,n,y,y,n,y,n/a,y,n,y,n/a
36.85367,-1.262826,49,Mabawa School Kosovo,2011,organization,n,y,n,n,n,n,y,n,n,n,n,n,n/a,unregistered but have applied for registration,provisional APBET certificate,n/a,n/a,mixed boys and girls,Day scholars only,n,Mcedo beijing school,not yet,n/a,31,38,3,3,y,n,n,n/a,n/a,n,n,n,y,n,n,n,n/a,n/a,300p/m,350p/m,450p/m,n/a,n/a,n,y,n/a,y,y,y,n,n/a,n/a,n,1,1,1,1,inside school compound,8,n,n/a,never,sometimes,n,n,n,y,n/a,n/a,y,n,3,3,1,n/a,y,n,n,n,n,n,n,n/a,n,n,y,n/a
36.875422,-1.251759,50,kasarani victory academy,2002,private,n,y,n,n,n,n,y,n,n,n,n,n,n/a,n/a,n/a,n/a,n/a,mixed boys and girls,Day scholars only,y,n/a,n/a,85,32,53,2,5,y,n,n,n/a,n/a,n,n,n,n,n,n,n,n/a,4500,3800,4500,5500,n/a,n/a,n,y,n/a,y,n,y,y,n,free,n,1,1,1,1,inside school compound,n/a,n,n,often,often,n,n,n,y,n,n,y,y,n/a,n/a,4,n/a,y,y,n,n,y,n,n,n/a,y,n,n,n/a
36.875466,-1.251098,51,The Brainhouse School,2004,school owner,y,y,y,n,n,n,y,n,n,n,n,n,n/a,government registered,private,n/a,n/a,mixed boys and girls,mixed (both day and boarding students),y,n/a,n/a,n/a,130,155,15,17,y,n,n,n/a,n/a,n,y,n,n,n,n,n,n/a,n/a,3000,3000,4000,6000,n/a,y,y,n/a,y,y,y,n,n,n/a,y,12,12,12,12,inside school compound,33,y,n,always,often,y,y,n,y,y,y,y,y,n/a,n/a,n/a,n/a,y,n,n,n,n,n,n,n/a,n,y,n,n/a
36.863969,-1.261335,52,Undugu Basic Education Unit Mathare,1978,n/a,n,y,y,n,n,y,y,n,y,n,n,n,n/a,Government registered,Private,n/a,Registered as a Business,Mixed boys and girls,Day scholars only,n,PAG in Ngei,n/a,300,120,180,3,3,n,n,y,n/a,Kindanhtife German KNH,n,n,y,n,n,n,n,n/a,n/a,n/a,n/a,n/a,n/a,n/a,y,n,n/a,y,y,y,y,y,n/a,n,1,1,4,3,Inside school compound,6,n,n,Sometimes,Always,n,n,n,y,y,y,y,y,3,3,6,n/a,y,y,y,y,y,y,y,Art and Craft,n,y,n,P.A
36.845155,-1.264408,53,st veronica primary school,n/a,n/a,n,y,n,n,n,n,y,n,n,n,n,n,n/a,Government registered,Private,City council,n/a,Mixed boys and girls,Day scholars only,n,n/a,n/a,55,30,25,4,3,y,n,n,n/a,n/a,n,n,n,n,n,n,n,n/a,2000,n/a,n/a,1500 per month,n/a,n/a,y,n,n/a,n,n,y,y,n,1000,n,2,1,2,1,Inside school compound,8,y,n,Always,Always,n,n,n,y,y,y,y,y,4,3,n/a,n/a,y,n,n,n,n,n,n,n/a,n,y,n,n/a
36.862142,-1.263488,54,AIC Zion Educational Centre,2000,n/a,y,y,y,n,n,n,y,n,n,y,n,n,n/a,unregistered but have applied for registration,Private,n/a,n/a,Mixed boys and girls,Day scholars only,y,n/a,n/a,1000,500,500,13,10,y,n,y,n/a,Well wishers and AIC Zion Church,n,n,n,n,n,n,n/a,n/a,3300,3300,3300,3300,3300,n/a,n,y,n/a,y,y,y,y,n,n/a,I don't know,1,1,8,3,Inside school compound,n/a,y,n,Always,Always,n,y,n,y,y,y,y,y,n/a,n/a,n/a,n/a,y,y,n,y,y,n,n,n/a,n,n,y,n/a
36.876026,-1.260328,55,Affuluent secondary school,n/a,n/a,n,N,y,n,Y,n,N,n,n,n,n,n,n/a,unregistered but have applied for registration,n/a,n/a,Registered as a Business,Mixed boys and girls,Day scholars only,n,Sunflower Academy,n/a,185,80,105,6,3,y,n,n,n/a,n/a,n,n,n,n,n,n,n/a,n/a,2500,n/a,n/a,n/a,2500,n/a,y,n,n/a,y,y,y,y,n,2500,n,1,1,2,2,Inside school compound,8,n,n,Always,Always,y,y,Y,y,y,y,y,y,6,3,n/a,4,y,y,n,y,y,n,n,n/a,n,n,Y,n/a
36.878632,-1.256513,56,Kenya muslim academy,1997,n/a,n,N,y,n,n,n,y,n,n,n,n,n,n/a,Government registered,Private,n/a,n/a,Boys school,Boarding,Y,n/a,n/a,150,150,n/a,10,1,n,n,n,n/a,n/a,n,n,n,n,n,n,n/a,n/a,n/a,n/a,n/a,n/a,5000000,n/a,y,n,n/a,y,y,y,y,y,n/a,n,1,1,0,9,Inside school compound,8,y,n,Always,Never,y,y,Y,y,y,y,y,y,10,1,n/a,n/a,y,n,n,n,n,n,n,n/a,Y,N,n,n/a
36.86254,-1.261242,57,St Michael C.E.C,2008,Community Based  Orgnistion,y,y,n,n,n,n,y,n,n,n,y,n,n/a,Government registered,n/a,n/a,n/a,Mixed boys and girls,Day scholars only,n,HEIDE MARIA Pimary school,n/a,120,50,70,5,11,n,n,y,n/a,SYNESIUS,N,N,N,Y,N,N,Y,n/a,150,150,150,150,n/a,n/a,y,y,n/a,y,y,y,y,y,150,Y,2,1,1,1,Inside school compound,10,y,y,Always,Always,n,n,y,y,y,y,y,y,5,11,5,n/a,N,y,n,y,y,n,n,n/a,n,y,n,n/a
36.863638,-1.25986,58,Ngotas Upendo Academy,1992,Rev. Andula,y,y,n,n,n,n,N,n,n,Y,n,n,n/a,Government registered,n/a,n/a,n/a,Mixed boys and girls,mixed (both day and boarding students),Y,n/a,n/a,159,59,100,6,5,n,n,y,n/a,From USA,N,N,N,N,N,N,Y,n/a,n/a,n/a,n/a,n/a,n/a,n/a,n,y,n/a,n,n,y,y,n,n/a,Y,1,1,1,1,Outside schoool compound,11,y,n,Always,Always,n,n,n,y,N,N,y,y,6,5,2,2,y,y,n,y,y,n,y,n/a,n,y,n,n/a
36.868618,-1.254957,59,Change a life learning centre,2012,Organisation change  a life ministry,n,y,n,n,n,n,N,n,n,y,n,n,n/a,unregistered but have applied for registration,APBET,n/a,n/a,Mixed boys and girls,Day scholars only,n,n/a,n/a,133,59,74,4,6,n,n,y,n/a,Individuals and churches,n,n,n,n,n,n,n/a,n/a,FREE,n/a,FREE,FREE,n/a,n/a,y,n,n/a,y,y,y,y,n,n/a,Y,1,n/a,They share toilet  female and both male,They share toilet both female and male,Inside school compound,7,y,n,Always,Always,n,n,n,y,y,N,N,y,4,6,4,0,y,n,n,n,n,n,n,n/a,n,N,Y,n/a
36.868957,-1.253949,60,Mathare North Primary School,1984,Government( Nairobi county),n,y,n,n,n,y,N,n,n,n,n,n,n/a,Government registered,n/a,n/a,n/a,Mixed boys and girls,Day scholars only,Y,n/a,n/a,1282,588,694,8,22,n,Y,n,n/a,n/a,N,N,N,N,N,N,Y,n/a,FREE,n/a,FREE,FREE,n/a,n/a,y,n,n/a,y,y,y,y,n,FREE,Y,2,2,34,18,Inside school compound,27,y,n,Always,Often,y,n/a,Y,N,N,N,y,y,8,22,26,14,y,y,n,y,y,n,y,n/a,n,N,Y,n/a
36.856201,-1.265345,61,St James Feeding and programme Learning,1996,St James feeding programme and learning,Y,y,n,n,n,n,y,n,n,n,n,n,n/a,n/a,Private,Min. of gender,n/a,Mixed boys and girls,mixed (both day and boarding students),n,Kiboro Primary School,n/a,320,n/a,n/a,5,7,y,n,y,n/a,St james feeding and learning programme,N,N,N,Y,N,N,N,n/a,1500,1500,1500,1500,n/a,Boarding pays 3000,y,n,n/a,y,y,y,y,n,n/a,n,1,1,4,4,Inside school compound,13,y,n,Often,Never,n,N,Y,y,y,y,y,y,5,7,3,0,y,y,n,y,y,y,y,n/a,n,N,Y,n/a
36.863408,-1.260912,62,Mathare special Training Centre,1982,Parents/ Ministry Of Educaton,n,N,n,Y,n,y,N,n,n,0,n,n,n/a,Government registered,n/a,n/a,Public,Mixed boys and girls,Day scholars only,n,n/a,n/a,200,140,60,4,11,y,Y,y,n/a,Ojaansu Foundation,N,N,y,N,N,N,N,n/a,FREE,n/a,n/a,n/a,n/a,n/a,y,y,n/a,y,y,y,y,y,2500,n,2,4,4,4,Inside school compound,13,n,n,Often,Often,n,n,Y,y,y,y,y,y,4,11,n/a,15,y,y,y,y,y,n,y,n/a,Y,y,Y,n/a
36.865297,-1.258866,63,Alliant Junior Academy,2001,n/a,n,y,n,n,n,n,N,n,N,n,n,n,Suplementary private school,n/a,n/a,n/a,n/a,Mixed boys and girls,Day scholars only,Y,n/a,n/a,232,n/a,n/a,5,3,y,Y,n,n/a,n/a,n,n,n,n,n,n,n/a,n/a,4000,n/a,n/a,n/a,n/a,n/a,y,n,n/a,y,y,y,y,n,1500,n,2,2,2,2,Inside school compound,9,y,n,Always,Always,n,N,n,y,y,y,y,y,5,3,8,n/a,y,y,n,y,y,n,n,n/a,Y,N,n,n/a
36.865381,-1.256472,64,Star of hope primary school,1988,Jimmy Muraya ,n,y,y,n,n,n,y,n,N,n,n,n,n/a,Government registered,Private,City council,n/a,Mixed boys and girls,Day scholars only,Y,n/a,n/a,158,68,90,4,7,y,n,n,n/a,n/a,n,n,n,n,n,n,n/a,n/a,2000-3000,3400,3600,4600,8000,n/a,y,n,n/a,y,y,y,y,n,2500,Y,5,5,6,6,Inside school compound,11,n,n/a,Always,Always,y,y,Y,y,y,y,y,y,4,7,4,0,y,y,n,y,n,n,n,n/a,n,N,Y,n/a
36.868154,-1.257808,65,Furaha Comminty Centre,2004,NGO,n,y,n,n,n,n,N,n,y,n,n,n,n/a,n/a,Provisional APBET certificate,n/a,CBO/NGO,n/a,Day scholars only,Y,n/a,n/a,466,230,236,6,7,N,n,y,n/a,Outside kenya,N,Y,N,N,N,N,N,n/a,500,n/a,n/a,n/a,n/a,n/a,n,y,n/a,y,y,y,y,n,n/a,n,1,1,4,4,Inside school compound,n/a,y,Y,n/a,n/a,n,N,n,y,y,N,y,y,6,7,11,n/a,y,y,n,y,y,y,n,n/a,n,N,Y,n/a
36.876526,-1.258097,66,Edden Anex Preparatory School,2000,Individual,n,y,n,n,n,n,y,n,N,n,n,n,n/a,Government registered,Provisional APBET certificate,n/a,n/a,Mixed boys and girls,Day scholars only,n,Eden anex in saika,n/a,480,200,280,7,12,y,n,n,n/a,n/a,n,n,n,n,n,n,n/a,n/a,5000,n/a,5000,5000,n/a,n/a,y,n,n/a,y,y,y,y,n,3500,n,2,2,2,2,Inside school compound,15,y,Y,Always,Always,n,N,Y,y,N,y,y,y,7,12,18,n/a,y,y,n,y,n,y,n,n/a,Y,N,Y,n/a
36.86018,-1.263507,67,Destiny Community Education,2013,n/a,Y,y,n,n,n,n,N,n,N,n,n,y,n/a,n/a,n/a,n/a,Registered as a Business,Mixed boys and girls,Day scholars only,n,Valley View Academy,n/a,348,184,164,6,7,y,n,n,n/a,n/a,n,n,n,n,n,n,n/a,n/a,2500,2500,2500,2500,n/a,3500 for class8,n,y,n/a,y,y,y,N,n/a,n/a,n,2 (Shared with female pupils),2( shared with male pupils),2(shared with female teachers),2(shared with male teachers),Inside school compound,11,n,n/a,Sometimes,Sometimes,n,n,n,N,N,N,N,N,6,7,5,0,y,y,n,y,y,y,y,Peace club,n,y,Y,n/a
36.854214,-1.262854,68,Lea Mathare CBO,2012,CBO,y,y,n,n,n,n,N,n,y,Y,n,y,n/a,Government registered,Provisional private registration,n/a,CBO/NGO,Mixed boys and girls,Day scholars only,n,n/a,2016,200,95,105,2,4,y,n,y,n/a,Bucherborse koln germany organisation and progressive educationers in new jersey,N,N,N,Y,N,Y,Y,n/a,600,600,600,600,n/a,n/a,n,y,n/a,n,n,y,y,y,50000,Y,1,1,1,1,Outside schoool compound,n/a,n,N,Sometimes,Always,n,N,n,N,N,N,N,N,2,6,1,n/a,y,y,n,n,y,n,n,n/a,n,y,n,n/a
36.846175,-1.266177,69,Destiny Community School,3yrs,Joel juma,Y,y,n,n,n,n,N,n,N,n,n,y,n/a,Government registered,Provisional APBET certificate,n/a,n/a,Mixed boys and girls,Day scholars only,n,Private school,n/a,n/a,n/a,n/a,2,28,y,n,n,n/a,n/a,n,n,n,n,n,n,n/a,n/a,n/a,n/a,n/a,n/a,n/a,n/a,y,n,n/a,y,N,y,N,N,n/a,n,1,1,7,7,Inside school compound,30,n,N,Never,Often,n,N,n,y,N,N,y,y,2,28,30,none,N,n,n,n,y,n,y,n/a,Y,y,n,n/a
36.861518,-1.262796,70,Faith Newdawn Academy,2013,Faith Celebration Church,Y,y,n,n,n,n,N,n,N,Y,n,n,n/a,n/a,n/a,Min. of gender,n/a,Mixed boys and girls,Day scholars only,n,The school is up to class 6,n/a,230,100,130,2,5,y,n,n,n/a,n/a,N,Y,N,N,N,N,N,n/a,1200,800,1200,1200,n/a,n/a,n,y,n/a,N,N,y,N,n/a,n/a,n,0,0,1,1,Inside school compound,7,n,N,Often,Never,n,N,n,y,n,n,n,n,2,5,n/a,n/a,y,n,n,y,n,n,n,n/a,Y,N,n,n/a
36.858789,-1.265385,71,Abundant Life School,2000,Community,Y,y,n,n,n,n,y,n,n,n,n,y,n/a,n/a,Private,Min. of gender,n/a,Mixed boys and girls,Day scholars only,n,Mathare C.E and D.O,n/a,259,137,122,4,6,y,n,n,n/a,n/a,N,N,y,N,N,N,N,n/a,3500,3000,3000,3500,n/a,1000 for lunch,n,y,n/a,y,N,y,y,N,1000,n,2,2,2,2,Outside schoool compound,11,y,N,Never,Sometimes,n,N,n,y,y,y,y,y,4,6,2,n/a,y,y,n,y,y,y,n,n/a,n,N,Y,n/a
36.871515,-1.260117,72,Salama Primary School,1987,Government( Nairobi county),y,y,n,n,n,y,N,n,N,n,Y,n,n/a,Government registered,n/a,City council,n/a,Mixed boys and girls,Day scholars only,Y,n/a,n/a,1500,700,800,6,30,y,Y,n,n/a,n/a,N,N,N,N,N,N,N,Feed the program,n/a,n/a,n/a,n/a,n/a,n/a,y,n,n/a,y,y,y,y,N,n/a,Y,4,2,10,10,Inside school compound,22,n,N,Always,Always,n,N,Y,y,y,y,y,y,6,30,27,n/a,y,y,n,y,y,n,n,n/a,Y,N,Y,n/a
36.875598,-1.258626,73,Angels Of Mercy,2014,n/a,Y,y,n,n,n,n,y,n,N,n,n,n,n/a,n/a,n/a,Ministry of labour,Registered as a Business,Mixed boys and girls,Day scholars only,n,Sunflower Academy,n/a,350,150,200,7,9,y,n,n,n/a,n/a,n,n,n,n,n,n,n,n/a,600000,3000,3000,3000,n/a,n/a,y,n,n/a,y,y,y,y,y,n/a,n,n/a,n/a,1,1,Inside school compound,n/a,n,n/a,Always,Always,n,n,n,y,y,n,y,y,7,9,5,n/a,y,y,n,y,y,n,n,n/a,Y,y,n,n/a
36.8569,-1.262834,74,Macco School,2013,Fundacje razem,Y,y,n,n,n,n,N,n,N,n,n,y,n/a,Government registered,n/a,n/a,n/a,Mixed boys and girls,Day scholars only,n,Mathare Old Primary School,2015,312,147,165,6,9,y,n,n,n/a,n/a,N,Y,N,N,N,N,N,n/a,n/a,900,1200,1800,n/a,n/a,n,y,n/a,N,N,y,y,N,n/a,Y,1,1,1,1,Outside schoool compound,8,n,N,Sometimes,Sometimes,N,N,N,y,N,N,y,y,6,9,12,3,y,n,n,y,n,n,n,n/a,n,y,n,n/a
36.863108,-1.258877,75,Daystar Junior School,2014,Patrick O Juma,y,y,n,n,n,n,N,n,N,Y,Y,y,n/a,unregistered but have applied for registration,Provisional APBET certificate,Min. of gender,Registered as a Business,Mixed boys and girls,Day scholars only,n,n/a,n/a,354,165,189,3,7,y,n,n,n/a,n/a,Y,N,y,Y,N,N,Y,n/a,n/a,500,500,n/a,n/a,n/a,n,y,n/a,y,N,N,y,y,240000,Y,1,1,1,1,Inside school compound,15,n,n/a,Always,Always,N,N,Y,N,N,N,y,y,3,7,4,5,y,y,n,y,y,n,n,n/a,Y,N,Y,n/a
36.85427,-1.261543,76,Genesis Joy Primary,n/a,private,N,y,n,n,n,n,y,n,N,n,n,n,n/a,Government registered,Private,n/a,Registered as a Business,Mixed boys and girls,Day scholars only,Y,n/a,n/a,218,121,97,6,5,y,n,n,n/a,n/a,N,N,N,N,N,N,Y,n/a,n/a,750,900,1200,n/a,n/a,n,y,n/a,y,y,y,N,N,n/a,n,1,1,1,1,Inside school compound,11,n,N,Often,Often,N,N,N,N,N,N,y,N,6,5,7,4,y,n,n,n,n,n,n,n/a,n,y,n,n/a
36.857957,-1.263713,77,Mathare Community Outreach,1994,Church,N,y,n,n,n,n,N,n,N,Y,n,n,n/a,n/a,n/a,n/a,n/a,Mixed boys and girls,Day scholars only,Y,n/a,1996,400,144,256,12,18,y,n,n,n/a,n/a,N,N,N,N,N,N,Y,n/a,2100,1500,1500,2100,n/a,n/a,n,y,n/a,y,y,y,y,y,100,Y,1,1,1,1,Inside school compound,16,n,N,Sometimes,Sometimes,N,N,N,y,y,y,y,y,12,18,26,4,y,y,n,y,y,n,n,n/a,Y,N,n,n/a
36.865695,-1.260425,78,Wakibe Junior Academy,n/a,n/a,N,y,n,n,n,n,y,n,y,n,n,n,n/a,n/a,Private,n/a,n/a,Mixed boys and girls,Day scholars only,n,n/a,n/a,21,n/a,n/a,3,3,y,n,n,n/a,n/a,n,n,n,n,n,n,n,n/a,5400,n/a,n/a,n/a,n/a,n/a,n,y,n/a,y,y,y,y,y,n/a,n,2,1,1,1,Inside school compound,6,y,N,Often,Often,N,N,N,y,N,N,N,y,3,3,n/a,n/a,y,n,n,y,n,n,n,n/a,Y,N,n,n/a
36.865349,-1.259106,79,Alliant Junior Academy (pre-school),2001,n/a,Y,N,n,n,n,n,N,n,N,n,n,n,Suplementary school,n/a,n/a,City council,n/a,Boys school,Day scholars only,Y,n/a,n/a,238,110,128,0,4,y,Y,n,n/a,n/a,n,n,n,n,n,n,n,n/a,n/a,3500,n/a,n/a,n/a,n/a,n,y,n/a,y,y,y,N,N,1500,n,1 Combine with male teachers,1 combine with female teachers,1,1,Inside school compound,4,y,N,Always,Always,N,N,N,y,y,N,y,y,n/a,n/a,4,n/a,y,y,n,y,y,N,n,n/a,Y,N,n,n/a
36.868333,-1.258645,80,Elshadai Education Centre (pre-school),I don't know,n/a,Y,n,n,n,n,n,n,n,n,n,n,n,APBET,n/a,n/a,n/a,CBO/NGO,Boys school,Day scholars only,n,KAG,in progress,57,27,30,0,3,y,n,n,n/a,n/a,n,n,n,n,n,n,n,n/a,n/a,2600,n/a,n/a,n/a,n/a,n,y,n/a,y,y,y,y,N,1800,n,1,1,3,3,Inside school compound,4,n,N,Never,Always,N,N,N,y,y,N,N,y,0,3,n/a,n/a,y,n,n,y,n,N,y,n/a,n,N,Y,n/a
36.872071,-1.256503,81,Ngei Faith Academy,2001,n/a,N,N,y,n,n,n,N,n,N,Y,Y,y,n/a,unregistered but have applied for registration,APBET,Min. of gender,Registered as a Business/ CBO,Mixed boys and girls,Day scholars only,n,Golden Light,not yet,150,72,78,3,3,y,n,y,n/a,Church members,N,N,N,N,N,N,N,n/a,2500,n/a,n/a,n/a,2500,n/a,n,y,n/a,y,y,y,N,n/a,n/a,n/a,1 (Shared with male teachers),1(Shared with female),2,2,Inside school compound,4,n,n/a,Always,Always,N,N,N,y,y,N,y,N,3,3,5,1,y,y,n,y,y,y,n,n/a,n,N,Y,n/a
36.86581,-1.259344,82,Millenium Academy,2002,W. Onyango Ogembo,Y,y,n,n,n,n,N,n,N,n,Y,n,n/a,n/a,APBET,n/a,n/a,Mixed boys and girls,Day scholars only,n,Top High Muslim Academy,2017,324,141,183,5,4,y,n,n,n/a,n/a,N,N,y,N,N,N,N,n/a,500,500,500,500,n/a,n/a,n/a,n/a,n/a,y,N,N,y,y,60000,N,n/a,n/a,1,1,Inside school compound,n/a,n,N,Never,Never,N,N,N,y,N,N,N,N,5,4,9,n/a,N,n,n,n,n,y,n,n/a,n,N,Y,n/a
36.872531,-1.255621,83,Golden Light Academy,2008,Golden Light Chapel,N,N,y,n,n,n,N,n,N,Y,n,n,n/a,Government registered,Private,n/a,n/a,Mixed boys and girls,Day scholars only,y,n/a,n/a,260,110,150,6,4,y,n,n,n/a,n/a,N,N,y,N,N,N,N,n/a,4500,n/a,n/a,n/a,4500,n/a,y,y,n/a,y,y,N,N,N,n/a,N,1,1,7,4,Inside school compound,10,y,N,Always,Often,y,y,N,y,y,N,y,y,6,4,0,0,y,y,n,y,n,N,n,"Christian union,science club and journalism",n,N,Y,n/a
36.845724,-1.264906,84,Blessed Junior Academy,2017,Annette Moraa Ongera,Y,Y,n,n,n,n,n,n,n,n,n,y,n/a,not registered,provisional APBET certificate,Min. of gender,CBO,Mixed boys and girls,Day scholars only,n,Lighthouse Grace Academy,n/a,50,21,29,1,6,y,n,n,n/a,n/a,n,n,n,n,n,n,n,n/a,2100,2100,2100,2100,n/a,n/a,y,n,n/a,y,y,y,y,y,1200,n,1,1,1,1,Inside school compound,4,n,n/a,Sometimes,sometimes,n,n/a,n,y,n,n,n,y,1,6,n/a,n/a,n,n,n,y,n,n,n,n/a,n,y,n,n/a
36.862532,-1.26123,85,missions of hope international,2009,ngo,y,y,n,n,n,n,n,n,y,n,y,n,n/a,not registered,n/a,n/a,n/a,Mixed boys and girls,Day scholars only,n,sister missions of hope international,n/a,825,410,415,5,26,n,n,y,n/a,hope sponsors from U.S.A,n,n,n,n,n,n,y,n/a,735,735,735,735,n/a,exam fee 50,n,y,n/a,y,y,y,y,y,735,n,2,2,4,4,Inside school compound,27,n,n,always,Always,n,n,n,y,n,n,y,y,5,26,21,none,y,y,n,y,y,y,n,debates,y,y,y,n/a
36.870719,-1.259225,86,emmanuel education centre,2012,ngo,y,n,n,n,n,n,n,n,y,n,y,n,cbo,n/a,n/a,n/a,CBO,Mixed boys and girls,Day scholars only,n,n/a,n/a,58,25,33,0,3,y,n,n,n/a,n/a,n,n,n,n,n,n,n,n/a,2500,n/a,n/a,n/a,n/a,n/a,y,n,n/a,n,n,y,y,y,840,I don't know,1,1,1,1,Inside school compound,n/a,n,n,always,Always,n,n,n,y,y,y,y,y,n/a,n/a,3,n/a,y,n,n,n,y,n,n,n/a,n,n,y,n/a
36.868527,-1.259124,87,Amanda Marga Academy,1995,fbo,y,n,n,n,n,n,n,n,n,y,n,n,faith based organization,n/a,n/a,n/a,faith based org.,girls school,Day scholars only,y,n/a,n/a,274,n/a,274,2,4,y,n,n,n/a,n/a,n,n,n,n,n,n,n,n/a,n/a,2500,n/a,n/a,n/a,n/a,n,y,n/a,y,y,y,n,y,900,n,1,1,2,2,Inside school compound,n/a,y,n,always,Always,n,n,n,y,y,y,y,y,n/a,n/a,5,none,y,n,n,y,y,y,y,n/a,n/a,n/a,n/a,n/a
36.875061,-1.251217,88,miracle junoir,2007,private,n,y,n,n,n,n,y,n,n,n,n,y,n/a,n/a,provisional APBET certificate,n/a,n/a,Mixed boys and girls,Day scholars only,n,n/a,n/a,286,136,150,0,7,y,n,n,n/a,n/a,n,n,n,n,n,n,n,n/a,2000,2000,2000,2500,n/a,n/a,y,n,n/a,y,y,y,y,n,2000,n,1,1,1,1,Inside school compound,n/a,y,n,often,Always,n,n,n,y,n,n,y,y,0,7,0,0,y,y,n,y,n,n,n,n/a,n,n,y,n/a
36.870983,-1.252256,89,stella marris community education centre,2009,private,y,y,n,n,n,n,y,n,n,n,n,y,n/a,n/a,provisional APBET certificate,n/a,n/a,Mixed boys and girls,Day scholars only,n,arrison education centre,processes,260,150,110,5,7,y,n,n,n/a,n/a,n,n,n,n,n,n,y,n/a,2000,2000,2000,2000,n/a,n/a,y,n,n/a,y,y,y,y,y,600,y,1,1,1,1,Inside school compound,10,n,n,always,Always,n,n,n,y,n,n,y,y,5,7,4,5,y,y,n,y,y,n,n,n/a,n,n,y,n/a
36.853106,-1.264805,90,VALLEY VIEW ACADEMY,1997,APBET,Y,Y,N,N,N,N,Y,N,N,N,Y,Y,n/a,n/a,APBET,Min. of gender,other,Mixed boys and girls,Day scholars only,Y,n/a,not yet,621,344,277,11,12,Y,N,Y,Y,"Redeemed gospel church,CFCA and Inspirational center",N,N,Y,N,N,N,N,n/a,4000,5000,4000,4000,n/a,n/a,y,n,n/a,Y,Y,Y,Y,Y,150,N,2,2,10,8,Inside school compound,19,Y,N,Often,often,N,N,Y,Y,Y,N,Y,Y,11,12,n/a,none,Y,N,N,Y,Y,N,N,n/a,N,N,Y,n/a
36.853191,-1.265291,91,FORWARD EDUCATIONAL CENTER,2012,Private,Y,Y,N,N,N,N,Y,N,N,N,N,N,n/a,government registered,n/a,Min. of gender,n/a,Mixed boys and girls,Day scholars only,N,kiboro primary school,n/a,82,42,40,3,7,Y,N,N,n/a,n/a,N,N,N,N,N,N,N,n/a,500,500,500,500,500,n/a,n,y,n/a,Y,Y,Y,Y,N,1600,N,1,1,2,2,Inside school compound,12,N,N,Sometimes,often,N,N,Y,N,N,Y,Y,Y,3,7,n/a,n/a,Y,Y,N,N,Y,N,N,n/a,Y,N,N,n/a
36.846324,-1.263642,92,ST.TERESAS GIRLS SECONDARY SCHOOL,1952,PUBLIC SCHOOL-but loreto sisters sponsors,Y,Y,Y,N,Y,Y,N,N,N,Y,Y,N,n/a,government registered,n/a,n/a,n/a,Girls school,boarding,Y,n/a,n/a,550,n/a,550,9,17,Y,Y,Y,n/a,"CDF,LORETO SISTERS,NGOS,CBOS,DONORS",N,N,Y,Y,N,Y,n,n/a,53000,n/a,n/a,n/a,25000,n/a,y,n,n/a,Y,Y,Y,Y,Y,n/a,N,5,2,15,n/a,Inside school compound,12,Y,Y,Sometimes,NEVER,Y,Y,Y,Y,Y,Y,Y,Y,9,17,n/a,25,Y,Y,Y,Y,Y,N,Y,Home science and enterpreneurship,Y,N,Y,n/a
36.874387,-1.250441,93,RISING STAR EDUCATION CENTER,2009,n/a,Y,Y,N,N,N,N,Y,N,N,N,Y,N,n/a,n/a,PRIVATE,n/a,CBO,Mixed boys and girls,Day scholars only,N,n/a,n/a,328,158,195,3,8,Y,N,N,n/a,n/a,N,N,N,N,N,N,N,TUSOME Programme,2000,2000,2500,2500,n/a,n/a,y,n,n/a,Y,Y,Y,Y,Y,1200,n/a,1,1,2,1,Inside school compound,n/a,N,N,Always,always,N,N,N,Y,N,N,Y,Y,3,8,2,n/a,Y,Y,N,Y,Y,N,N,n/a,N,N,Y,n/a
,,94,Neci education center,2006,APBET,y,y,n,n,n,n,n,n,n,n,y,n,n/a,unregistered but have applied for registration,provisional APBET certificate,min. of gender,CBO/NGO,Mixed boys and girls,Day scholars only,n,St James feeding programme and learning center,n/a,311,144,167,3,9,y,n,n,n/a,n/a,n,n,n,n,n,n,n,n/a,n/a,2000,2300,2500,n/a,n/a,y,y,n/a,y,y,y,n,n,n/a,n,1,n/a,2,2,inside school compound,8,n,n,never,sometimes,n,n,n,n,n,n,n,n,3,9,2,0,y,y,n,y,y,y,n,n/a,n,n,y,n/a
36.847914,-1.266425,95,St Teresas primary school,1953,public school,y,y,n,n,n,y,n,n,n,n,n,n,n/a,unregistered but have applied for registration,APBET,city council,n/a,Girls school,Day scholars only,y,n/a,n/a,850,n/a,850,3,15,n,y,n,n/a,n/a,n,n,n,n,n,n,n,n/a,free,n/a,n/a,n/a,n/a,n/a,y,n,n/a,y,y,y,n,n,n/a,n,2,1,23,n/a,inside school compound,16,y,n,always,always,n,n,y,y,y,y,y,y,3,15,n/a,all,y,y,n,y,y,y,y,n/a,y,y,y,n/a
36.853114,-1.265155,96,Spring view education center,2015,n/a,n,n,y,n,n,n,n,n,n,n,y,y,n/a,n/a,private,Min. of gender,n/a,Mixed boys and girls,Day scholars only,n,Mcedo secondary school,2016,n/a,25,45,9,2,y,n,n,n/a,n/a,n,n,n,n,n,y,n,n/a,5000,n/a,n/a,n/a,6000,1000 for lunch,n,y,n/a,y,y,y,y,n,1000,n,1,1,1,1,Outside schoool compound,12,n,n,often,sometimes,y,y,n,y,n,n,y,y,9,2,2,1,y,y,n,n,n,n,n,n/a,n,n,y,n/a
36.871371,-1.257862,0,AEISHA COLLIER PRIMARY SCHOOL,0,0,0,0,0,0,0,0,0,0,0,0,0,0,0,0,0,0,0,0,0,0,0,0,0,0,0,0,0,0,0,0,0,0,0,0,0,0,0,0,0,0,0,0,0,0,0,0,0,0,0,0,0,0,0,0,0,0,0,0,0,0,0,0,0,0,0,0,0,0,0,0,0,0,0,0,0,0,0,0,0,0,0,0,0,0,0,0,0,0,0,0
36.866867,-1.259647,0,AIPCA NGE2 ACADEMY,0,0,0,0,0,0,0,0,0,0,0,0,0,0,0,0,0,0,0,0,0,0,0,0,0,0,0,0,0,0,0,0,0,0,0,0,0,0,0,0,0,0,0,0,0,0,0,0,0,0,0,0,0,0,0,0,0,0,0,0,0,0,0,0,0,0,0,0,0,0,0,0,0,0,0,0,0,0,0,0,0,0,0,0,0,0,0,0,0,0,0,0
36.850221,-1.265278,0,AMAIZING DAY CARE,0,0,0,0,0,0,0,0,0,0,0,0,0,0,0,0,0,0,0,0,0,0,0,0,0,0,0,0,0,0,0,0,0,0,0,0,0,0,0,0,0,0,0,0,0,0,0,0,0,0,0,0,0,0,0,0,0,0,0,0,0,0,0,0,0,0,0,0,0,0,0,0,0,0,0,0,0,0,0,0,0,0,0,0,0,0,0,0,0,0,0,0
36.868527,-1.259124,0,AMANDA MARGA ACADEMY,0,0,0,0,0,0,0,0,0,0,0,0,0,0,0,0,0,0,0,0,0,0,0,0,0,0,0,0,0,0,0,0,0,0,0,0,0,0,0,0,0,0,0,0,0,0,0,0,0,0,0,0,0,0,0,0,0,0,0,0,0,0,0,0,0,0,0,0,0,0,0,0,0,0,0,0,0,0,0,0,0,0,0,0,0,0,0,0,0,0,0,0
36.854196,-1.263236,0,ANGEL GIRLS SCHOOL,0,0,0,0,0,0,0,0,0,0,0,0,0,0,0,0,0,0,0,0,0,0,0,0,0,0,0,0,0,0,0,0,0,0,0,0,0,0,0,0,0,0,0,0,0,0,0,0,0,0,0,0,0,0,0,0,0,0,0,0,0,0,0,0,0,0,0,0,0,0,0,0,0,0,0,0,0,0,0,0,0,0,0,0,0,0,0,0,0,0,0,0
36.865724,-1.261553,0,BISHOP GITONGA ACADEMY,0,0,0,0,0,0,0,0,0,0,0,0,0,0,0,0,0,0,0,0,0,0,0,0,0,0,0,0,0,0,0,0,0,0,0,0,0,0,0,0,0,0,0,0,0,0,0,0,0,0,0,0,0,0,0,0,0,0,0,0,0,0,0,0,0,0,0,0,0,0,0,0,0,0,0,0,0,0,0,0,0,0,0,0,0,0,0,0,0,0,0,0
36.874862,-1.261647,0,BRANIAC HIGH SCHOOL,0,0,0,0,0,0,0,0,0,0,0,0,0,0,0,0,0,0,0,0,0,0,0,0,0,0,0,0,0,0,0,0,0,0,0,0,0,0,0,0,0,0,0,0,0,0,0,0,0,0,0,0,0,0,0,0,0,0,0,0,0,0,0,0,0,0,0,0,0,0,0,0,0,0,0,0,0,0,0,0,0,0,0,0,0,0,0,0,0,0,0,0
36.86032,-1.26252,0,BRIDGE INTERNATIONAL ACADEMY,0,0,0,0,0,0,0,0,0,0,0,0,0,0,0,0,0,0,0,0,0,0,0,0,0,0,0,0,0,0,0,0,0,0,0,0,0,0,0,0,0,0,0,0,0,0,0,0,0,0,0,0,0,0,0,0,0,0,0,0,0,0,0,0,0,0,0,0,0,0,0,0,0,0,0,0,0,0,0,0,0,0,0,0,0,0,0,0,0,0,0,0
36.870453,-1.258249,0,GENESIS IMMACULATE PRIMARY AND SECONDARY,0,0,0,0,0,0,0,0,0,0,0,0,0,0,0,0,0,0,0,0,0,0,0,0,0,0,0,0,0,0,0,0,0,0,0,0,0,0,0,0,0,0,0,0,0,0,0,0,0,0,0,0,0,0,0,0,0,0,0,0,0,0,0,0,0,0,0,0,0,0,0,0,0,0,0,0,0,0,0,0,0,0,0,0,0,0,0,0,0,0,0,0
36.871351,-1.257893,0,GLORY SPRING COMMUNITY CENTER,0,0,0,0,0,0,0,0,0,0,0,0,0,0,0,0,0,0,0,0,0,0,0,0,0,0,0,0,0,0,0,0,0,0,0,0,0,0,0,0,0,0,0,0,0,0,0,0,0,0,0,0,0,0,0,0,0,0,0,0,0,0,0,0,0,0,0,0,0,0,0,0,0,0,0,0,0,0,0,0,0,0,0,0,0,0,0,0,0,0,0,0
36.850376,-1.264604,0,HOPE NIGERIA,0,0,0,0,0,0,0,0,0,0,0,0,0,0,0,0,0,0,0,0,0,0,0,0,0,0,0,0,0,0,0,0,0,0,0,0,0,0,0,0,0,0,0,0,0,0,0,0,0,0,0,0,0,0,0,0,0,0,0,0,0,0,0,0,0,0,0,0,0,0,0,0,0,0,0,0,0,0,0,0,0,0,0,0,0,0,0,0,0,0,0,0
36.874106,-1.258609,0,HURUMA PRIMARY SCHOOL,0,0,0,0,0,0,0,0,0,0,0,0,0,0,0,0,0,0,0,0,0,0,0,0,0,0,0,0,0,0,0,0,0,0,0,0,0,0,0,0,0,0,0,0,0,0,0,0,0,0,0,0,0,0,0,0,0,0,0,0,0,0,0,0,0,0,0,0,0,0,0,0,0,0,0,0,0,0,0,0,0,0,0,0,0,0,0,0,0,0,0,0
36.862601,-1.261205,0,JESSI SCHOOL,0,0,0,0,0,0,0,0,0,0,0,0,0,0,0,0,0,0,0,0,0,0,0,0,0,0,0,0,0,0,0,0,0,0,0,0,0,0,0,0,0,0,0,0,0,0,0,0,0,0,0,0,0,0,0,0,0,0,0,0,0,0,0,0,0,0,0,0,0,0,0,0,0,0,0,0,0,0,0,0,0,0,0,0,0,0,0,0,0,0,0,0
36.853238,-1.263088,0,JOY ACADEMY SCHOOL,0,0,0,0,0,0,0,0,0,0,0,0,0,0,0,0,0,0,0,0,0,0,0,0,0,0,0,0,0,0,0,0,0,0,0,0,0,0,0,0,0,0,0,0,0,0,0,0,0,0,0,0,0,0,0,0,0,0,0,0,0,0,0,0,0,0,0,0,0,0,0,0,0,0,0,0,0,0,0,0,0,0,0,0,0,0,0,0,0,0,0,0
36.845537,-1.265726,0,JOY COMMUNITY SCHOOL,0,0,0,0,0,0,0,0,0,0,0,0,0,0,0,0,0,0,0,0,0,0,0,0,0,0,0,0,0,0,0,0,0,0,0,0,0,0,0,0,0,0,0,0,0,0,0,0,0,0,0,0,0,0,0,0,0,0,0,0,0,0,0,0,0,0,0,0,0,0,0,0,0,0,0,0,0,0,0,0,0,0,0,0,0,0,0,0,0,0,0,0
36.853886,-1.265756,0,KIBORO PRIMARY,0,0,0,0,0,0,0,0,0,0,0,0,0,0,0,0,0,0,0,0,0,0,0,0,0,0,0,0,0,0,0,0,0,0,0,0,0,0,0,0,0,0,0,0,0,0,0,0,0,0,0,0,0,0,0,0,0,0,0,0,0,0,0,0,0,0,0,0,0,0,0,0,0,0,0,0,0,0,0,0,0,0,0,0,0,0,0,0,0,0,0,0
36.862886,-1.260479,0,KINGDOM LIVING NOW SCHOOL,0,0,0,0,0,0,0,0,0,0,0,0,0,0,0,0,0,0,0,0,0,0,0,0,0,0,0,0,0,0,0,0,0,0,0,0,0,0,0,0,0,0,0,0,0,0,0,0,0,0,0,0,0,0,0,0,0,0,0,0,0,0,0,0,0,0,0,0,0,0,0,0,0,0,0,0,0,0,0,0,0,0,0,0,0,0,0,0,0,0,0,0
36.859497,-1.264323,0,MAJI MAZURI HEADSTART ACADEMY,0,0,0,0,0,0,0,0,0,0,0,0,0,0,0,0,0,0,0,0,0,0,0,0,0,0,0,0,0,0,0,0,0,0,0,0,0,0,0,0,0,0,0,0,0,0,0,0,0,0,0,0,0,0,0,0,0,0,0,0,0,0,0,0,0,0,0,0,0,0,0,0,0,0,0,0,0,0,0,0,0,0,0,0,0,0,0,0,0,0,0,0
36.863253,-1.261088,0,MAMA AFRICA ITALIA ONLUS,0,0,0,0,0,0,0,0,0,0,0,0,0,0,0,0,0,0,0,0,0,0,0,0,0,0,0,0,0,0,0,0,0,0,0,0,0,0,0,0,0,0,0,0,0,0,0,0,0,0,0,0,0,0,0,0,0,0,0,0,0,0,0,0,0,0,0,0,0,0,0,0,0,0,0,0,0,0,0,0,0,0,0,0,0,0,0,0,0,0,0,0
36.871562,-1.255753,0,MARY ROSANA ACADEMY,0,0,0,0,0,0,0,0,0,0,0,0,0,0,0,0,0,0,0,0,0,0,0,0,0,0,0,0,0,0,0,0,0,0,0,0,0,0,0,0,0,0,0,0,0,0,0,0,0,0,0,0,0,0,0,0,0,0,0,0,0,0,0,0,0,0,0,0,0,0,0,0,0,0,0,0,0,0,0,0,0,0,0,0,0,0,0,0,0,0,0,0
36.854859,-1.26326,0,MATHARE KOSOVO OUTPOST & COMMUNITY SCHOOL,0,0,0,0,0,0,0,0,0,0,0,0,0,0,0,0,0,0,0,0,0,0,0,0,0,0,0,0,0,0,0,0,0,0,0,0,0,0,0,0,0,0,0,0,0,0,0,0,0,0,0,0,0,0,0,0,0,0,0,0,0,0,0,0,0,0,0,0,0,0,0,0,0,0,0,0,0,0,0,0,0,0,0,0,0,0,0,0,0,0,0,0
36.845192,-1.263956,0,MECDC,0,0,0,0,0,0,0,0,0,0,0,0,0,0,0,0,0,0,0,0,0,0,0,0,0,0,0,0,0,0,0,0,0,0,0,0,0,0,0,0,0,0,0,0,0,0,0,0,0,0,0,0,0,0,0,0,0,0,0,0,0,0,0,0,0,0,0,0,0,0,0,0,0,0,0,0,0,0,0,0,0,0,0,0,0,0,0,0,0,0,0,0
36.868824,-1.25399,0,MISSION OF HOPE MATHARE NORTH,0,0,0,0,0,0,0,0,0,0,0,0,0,0,0,0,0,0,0,0,0,0,0,0,0,0,0,0,0,0,0,0,0,0,0,0,0,0,0,0,0,0,0,0,0,0,0,0,0,0,0,0,0,0,0,0,0,0,0,0,0,0,0,0,0,0,0,0,0,0,0,0,0,0,0,0,0,0,0,0,0,0,0,0,0,0,0,0,0,0,0,0
36.850579,-1.262508,0,MISSION OF HOPE SCHOOL,0,0,0,0,0,0,0,0,0,0,0,0,0,0,0,0,0,0,0,0,0,0,0,0,0,0,0,0,0,0,0,0,0,0,0,0,0,0,0,0,0,0,0,0,0,0,0,0,0,0,0,0,0,0,0,0,0,0,0,0,0,0,0,0,0,0,0,0,0,0,0,0,0,0,0,0,0,0,0,0,0,0,0,0,0,0,0,0,0,0,0,0
36.853021,-1.26587,0,MISSIONS OF HOPE BH,0,0,0,0,0,0,0,0,0,0,0,0,0,0,0,0,0,0,0,0,0,0,0,0,0,0,0,0,0,0,0,0,0,0,0,0,0,0,0,0,0,0,0,0,0,0,0,0,0,0,0,0,0,0,0,0,0,0,0,0,0,0,0,0,0,0,0,0,0,0,0,0,0,0,0,0,0,0,0,0,0,0,0,0,0,0,0,0,0,0,0,0
36.871042,-1.253694,0,MOGRA STAR PRIMARY AND SECONDARY SCHOOIS,0,0,0,0,0,0,0,0,0,0,0,0,0,0,0,0,0,0,0,0,0,0,0,0,0,0,0,0,0,0,0,0,0,0,0,0,0,0,0,0,0,0,0,0,0,0,0,0,0,0,0,0,0,0,0,0,0,0,0,0,0,0,0,0,0,0,0,0,0,0,0,0,0,0,0,0,0,0,0,0,0,0,0,0,0,0,0,0,0,0,0,0
36.868683,-1.254026,0,MOTHERWAY EDUCATION CENTRE,0,0,0,0,0,0,0,0,0,0,0,0,0,0,0,0,0,0,0,0,0,0,0,0,0,0,0,0,0,0,0,0,0,0,0,0,0,0,0,0,0,0,0,0,0,0,0,0,0,0,0,0,0,0,0,0,0,0,0,0,0,0,0,0,0,0,0,0,0,0,0,0,0,0,0,0,0,0,0,0,0,0,0,0,0,0,0,0,0,0,0,0
36.86281,-1.262259,0,MUMO BOYS AND GIRLS ACADEMY,0,0,0,0,0,0,0,0,0,0,0,0,0,0,0,0,0,0,0,0,0,0,0,0,0,0,0,0,0,0,0,0,0,0,0,0,0,0,0,0,0,0,0,0,0,0,0,0,0,0,0,0,0,0,0,0,0,0,0,0,0,0,0,0,0,0,0,0,0,0,0,0,0,0,0,0,0,0,0,0,0,0,0,0,0,0,0,0,0,0,0,0
36.851154,-1.265307,0,NECI EDUCATION CENTRE,0,0,0,0,0,0,0,0,0,0,0,0,0,0,0,0,0,0,0,0,0,0,0,0,0,0,0,0,0,0,0,0,0,0,0,0,0,0,0,0,0,0,0,0,0,0,0,0,0,0,0,0,0,0,0,0,0,0,0,0,0,0,0,0,0,0,0,0,0,0,0,0,0,0,0,0,0,0,0,0,0,0,0,0,0,0,0,0,0,0,0,0
36.872281,-1.256358,0,PATSU EDUCATION CENTER,0,0,0,0,0,0,0,0,0,0,0,0,0,0,0,0,0,0,0,0,0,0,0,0,0,0,0,0,0,0,0,0,0,0,0,0,0,0,0,0,0,0,0,0,0,0,0,0,0,0,0,0,0,0,0,0,0,0,0,0,0,0,0,0,0,0,0,0,0,0,0,0,0,0,0,0,0,0,0,0,0,0,0,0,0,0,0,0,0,0,0,0
36.853685,-1.265828,0,ROSKEN EDUCATION CENTRE,0,0,0,0,0,0,0,0,0,0,0,0,0,0,0,0,0,0,0,0,0,0,0,0,0,0,0,0,0,0,0,0,0,0,0,0,0,0,0,0,0,0,0,0,0,0,0,0,0,0,0,0,0,0,0,0,0,0,0,0,0,0,0,0,0,0,0,0,0,0,0,0,0,0,0,0,0,0,0,0,0,0,0,0,0,0,0,0,0,0,0,0
36.866992,-1.257933,0,SAMERGO GLORIOUS SCHOOL,0,0,0,0,0,0,0,0,0,0,0,0,0,0,0,0,0,0,0,0,0,0,0,0,0,0,0,0,0,0,0,0,0,0,0,0,0,0,0,0,0,0,0,0,0,0,0,0,0,0,0,0,0,0,0,0,0,0,0,0,0,0,0,0,0,0,0,0,0,0,0,0,0,0,0,0,0,0,0,0,0,0,0,0,0,0,0,0,0,0,0,0
36.865604,-1.259635,0,SANCARE PREPARATORY SCHOOL,0,0,0,0,0,0,0,0,0,0,0,0,0,0,0,0,0,0,0,0,0,0,0,0,0,0,0,0,0,0,0,0,0,0,0,0,0,0,0,0,0,0,0,0,0,0,0,0,0,0,0,0,0,0,0,0,0,0,0,0,0,0,0,0,0,0,0,0,0,0,0,0,0,0,0,0,0,0,0,0,0,0,0,0,0,0,0,0,0,0,0,0
36.865512,-1.259711,0,SANCARE PREPATORY SCHOOL,0,0,0,0,0,0,0,0,0,0,0,0,0,0,0,0,0,0,0,0,0,0,0,0,0,0,0,0,0,0,0,0,0,0,0,0,0,0,0,0,0,0,0,0,0,0,0,0,0,0,0,0,0,0,0,0,0,0,0,0,0,0,0,0,0,0,0,0,0,0,0,0,0,0,0,0,0,0,0,0,0,0,0,0,0,0,0,0,0,0,0,0
36.869499,-1.259164,0,ST ANN PREPARATORRY,0,0,0,0,0,0,0,0,0,0,0,0,0,0,0,0,0,0,0,0,0,0,0,0,0,0,0,0,0,0,0,0,0,0,0,0,0,0,0,0,0,0,0,0,0,0,0,0,0,0,0,0,0,0,0,0,0,0,0,0,0,0,0,0,0,0,0,0,0,0,0,0,0,0,0,0,0,0,0,0,0,0,0,0,0,0,0,0,0,0,0,0
36.867567,-1.25614,0,ST CHRISTOPHER PRIMARYSCHOOL,0,0,0,0,0,0,0,0,0,0,0,0,0,0,0,0,0,0,0,0,0,0,0,0,0,0,0,0,0,0,0,0,0,0,0,0,0,0,0,0,0,0,0,0,0,0,0,0,0,0,0,0,0,0,0,0,0,0,0,0,0,0,0,0,0,0,0,0,0,0,0,0,0,0,0,0,0,0,0,0,0,0,0,0,0,0,0,0,0,0,0,0
36.873245,-1.257509,0,TUMAINI SCHOOL,0,0,0,0,0,0,0,0,0,0,0,0,0,0,0,0,0,0,0,0,0,0,0,0,0,0,0,0,0,0,0,0,0,0,0,0,0,0,0,0,0,0,0,0,0,0,0,0,0,0,0,0,0,0,0,0,0,0,0,0,0,0,0,0,0,0,0,0,0,0,0,0,0,0,0,0,0,0,0,0,0,0,0,0,0,0,0,0,0,0,0,0
36.86649,-1.25946,0,VISION SHINERS ACADEMY,0,0,0,0,0,0,0,0,0,0,0,0,0,0,0,0,0,0,0,0,0,0,0,0,0,0,0,0,0,0,0,0,0,0,0,0,0,0,0,0,0,0,0,0,0,0,0,0,0,0,0,0,0,0,0,0,0,0,0,0,0,0,0,0,0,0,0,0,0,0,0,0,0,0,0,0,0,0,0,0,0,0,0,0,0,0,0,0,0,0,0,0
